Cancer_Type,Mutation_Gene,Protein,Site,Omics,Interacting_Protein,P_Value
Endometrial,ARID1A,ARID1A,,proteomics,True,1.0250180625304501e-10
Endometrial,ARID1A,DPF2,,proteomics,True,2.1666091867648467e-07
Endometrial,ARID1A,SMARCB1,,proteomics,True,6.885135488619889e-05
Endometrial,ARID1A,SMARCC2,,proteomics,True,8.270473285483759e-05
Endometrial,ARID1A,SMARCE1,,proteomics,True,0.00014980267328352896
Endometrial,ARID1A,SMARCD1,,proteomics,True,0.00017449149012151386
Endometrial,ARID1A,BCL7C,,proteomics,True,0.00043795374490157736
Endometrial,ARID1A,CCND1,,proteomics,True,0.0014998319340678405
Colon,ARID1A,BAZ1B,,proteomics,True,0.0008406289293543091
Colon,ARID1A,ARID1A,,proteomics,True,0.0013052085048668597
Ovarian,ARID1A,ING1,,proteomics,True,9.149983956599115e-07
Endometrial,ARID1A,ARID1A,,proteomics,False,1.0250180625304501e-10
Endometrial,ARID1A,MAP1S,,proteomics,False,1.0101488060908813e-07
Endometrial,ARID1A,DPF2,,proteomics,False,2.1666091867648467e-07
Endometrial,ARID1A,KDM4B,,proteomics,False,4.414547432570035e-07
Endometrial,ARID1A,RRM1,,proteomics,False,4.4558696212664974e-07
Endometrial,ARID1A,MAP7D3,,proteomics,False,4.880889803877513e-07
Endometrial,ARID1A,CYTH3,,proteomics,False,3.1093964024161207e-06
Endometrial,ARID1A,CEP78,,proteomics,False,3.749172338636692e-06
Ovarian,ARID1A,OLFM4,,proteomics,False,4.6582043967293213e-07
Ovarian,ARID1A,TIMP1,,proteomics,False,5.699514123205274e-07
Ovarian,ARID1A,PAXIP1,,proteomics,False,5.812213144094734e-07
Ovarian,ARID1A,ING1,,proteomics,False,9.149983956599115e-07
Ovarian,ARID1A,ZBTB40,,proteomics,False,2.6589644627568937e-06
Ovarian,ARID1A,PIGR,,proteomics,False,2.71263847001722e-06
Ovarian,ARID1A,TMEM63A,,proteomics,False,3.9256455844887705e-06
Ovarian,ARID1A,PGR,,transcriptomics,True,6.009689057520513e-08
Endometrial,ARID1A,PRNP,,transcriptomics,False,7.546881016167983e-09
Endometrial,ARID1A,SAPCD2,,transcriptomics,False,7.544245063885869e-08
Endometrial,ARID1A,CDH1,,transcriptomics,False,1.324795467653071e-07
Endometrial,ARID1A,EYA4,,transcriptomics,False,1.6834413726712495e-07
Endometrial,ARID1A,FAM57A,,transcriptomics,False,3.737112924159592e-07
Endometrial,ARID1A,PCLAF,,transcriptomics,False,3.860433612836185e-07
Endometrial,ARID1A,LRBA,,transcriptomics,False,8.352877744007977e-07
Endometrial,ARID1A,TDRD10,,transcriptomics,False,9.668602521604662e-07
Endometrial,ARID1A,WDR34,,transcriptomics,False,1.3086085097530848e-06
Endometrial,ARID1A,LHCGR,,transcriptomics,False,1.3680577904455822e-06
Endometrial,ARID1A,FAM110B,,transcriptomics,False,1.5679023211730672e-06
Colon,ARID1A,TDGF1,,transcriptomics,False,3.068548809184623e-08
Colon,ARID1A,AXIN2,,transcriptomics,False,6.590190451733938e-07
Colon,ARID1A,APOL2,,transcriptomics,False,6.89700730915865e-07
Colon,ARID1A,RNF43,,transcriptomics,False,1.2165610192251385e-06
Colon,ARID1A,POU5F1B,,transcriptomics,False,1.4004399170556615e-06
Colon,ARID1A,IL15,,transcriptomics,False,1.5294318193815647e-06
Colon,ARID1A,FAM71E1,,transcriptomics,False,2.573589515113863e-06
Colon,ARID1A,ROCK2,,transcriptomics,False,3.3706212681898066e-06
Ovarian,ARID1A,MTNR1B,,transcriptomics,False,4.806921635770072e-16
Ovarian,ARID1A,CDK20,,transcriptomics,False,2.99879061358804e-15
Ovarian,ARID1A,HMX3,,transcriptomics,False,2.8267241643246456e-14
Ovarian,ARID1A,RXFP1,,transcriptomics,False,4.1682958863316354e-13
Ovarian,ARID1A,GPR97,,transcriptomics,False,5.061682439413737e-13
Ovarian,ARID1A,TUNAR,,transcriptomics,False,5.713628102687362e-13
Ovarian,ARID1A,SLC26A2,,transcriptomics,False,1.865577365358465e-12
Ovarian,ARID1A,PGAP2,,transcriptomics,False,3.42079979178968e-12
Ovarian,ARID1A,ANKRD20A12P,,transcriptomics,False,9.261376240743642e-12
Ovarian,ARID1A,TNFRSF18,,transcriptomics,False,9.514260116862112e-12
Ovarian,ARID1A,HGD,,transcriptomics,False,1.0709830075713248e-11
Ovarian,ARID1A,C10orf71,,transcriptomics,False,3.187756864370979e-11
Ovarian,ARID1A,LOC100506526,,transcriptomics,False,3.325322887867091e-11
Ovarian,ARID1A,C2CD4B,,transcriptomics,False,3.860607645568484e-11
Ovarian,ARID1A,MFAP3L,,transcriptomics,False,1.4177727810917703e-10
Ovarian,ARID1A,LINC00645,,transcriptomics,False,2.3217059069074997e-10
Ovarian,ARID1A,OLFM4,,transcriptomics,False,2.8403191930308154e-10
Ovarian,ARID1A,HES2,,transcriptomics,False,3.3181040668645434e-10
Ovarian,ARID1A,RNF186,,transcriptomics,False,3.846149801860498e-10
Ovarian,ARID1A,SLC5A9,,transcriptomics,False,4.499720111742706e-10
Ovarian,ARID1A,CCAT1,,transcriptomics,False,4.591002142746993e-10
Ovarian,ARID1A,FGF14,,transcriptomics,False,5.719452514055448e-10
Ovarian,ARID1A,LOC158434,,transcriptomics,False,6.466855772464319e-10
Ovarian,ARID1A,GABRP,,transcriptomics,False,8.434190617884172e-10
Ovarian,ARID1A,ERMN,,transcriptomics,False,9.957976769128513e-10
Ovarian,ARID1A,SCGB2A1,,transcriptomics,False,1.0852459641291408e-09
Ovarian,ARID1A,SERINC2,,transcriptomics,False,1.1927871745189751e-09
Ovarian,ARID1A,HMX2,,transcriptomics,False,2.306226910752132e-09
Ovarian,ARID1A,CAPN6,,transcriptomics,False,2.674776125636817e-09
Ovarian,ARID1A,ELP3,,transcriptomics,False,2.9626090539890562e-09
Ovarian,ARID1A,GUCA1C,,transcriptomics,False,3.161250370909096e-09
Ovarian,ARID1A,GJD3,,transcriptomics,False,3.3958858031297283e-09
Ovarian,ARID1A,RCAN1,,transcriptomics,False,3.4625950581352168e-09
Ovarian,ARID1A,PIGR,,transcriptomics,False,3.6933959946491374e-09
Ovarian,ARID1A,LOC102723769,,transcriptomics,False,4.1635022531719666e-09
Ovarian,ARID1A,ARSA,,transcriptomics,False,5.0553014205895145e-09
Ovarian,ARID1A,LINC00485,,transcriptomics,False,5.38844039915596e-09
Ovarian,ARID1A,KLHDC7B,,transcriptomics,False,5.819304420106738e-09
Ovarian,ARID1A,C2orf16,,transcriptomics,False,6.91523660691182e-09
Ovarian,ARID1A,GDA,,transcriptomics,False,9.863483082410701e-09
Ovarian,ARID1A,LRRC26,,transcriptomics,False,1.0480376660043996e-08
Ovarian,ARID1A,MOGAT1,,transcriptomics,False,1.0623343254725914e-08
Ovarian,ARID1A,CRELD2,,transcriptomics,False,1.0633536938305038e-08
Ovarian,ARID1A,NCMAP,,transcriptomics,False,1.2929155269853026e-08
Ovarian,ARID1A,MSX1,,transcriptomics,False,1.2938028492832317e-08
Ovarian,ARID1A,SCNN1B,,transcriptomics,False,1.3790590073084745e-08
Ovarian,ARID1A,AGR2,,transcriptomics,False,1.3812334167174408e-08
Ovarian,ARID1A,LINC01207,,transcriptomics,False,1.5377908626602854e-08
Ovarian,ARID1A,TCN1,,transcriptomics,False,1.836584619097788e-08
Ovarian,ARID1A,LEFTY1,,transcriptomics,False,1.8966594000673004e-08
Ovarian,ARID1A,MTRNR2L1,,transcriptomics,False,2.3407695165143667e-08
Ovarian,ARID1A,SPATA21,,transcriptomics,False,2.4108457299438607e-08
Ovarian,ARID1A,CSF3,,transcriptomics,False,2.56652859899516e-08
Ovarian,ARID1A,GNRHR,,transcriptomics,False,2.702726995106405e-08
Ovarian,ARID1A,RASD1,,transcriptomics,False,3.1055960263888665e-08
Ovarian,ARID1A,SLC46A2,,transcriptomics,False,3.1078369397920035e-08
Ovarian,ARID1A,SPRR2D,,transcriptomics,False,3.434657273575341e-08
Ovarian,ARID1A,ANKS4B,,transcriptomics,False,3.437250934622137e-08
Ovarian,ARID1A,BAIAP2L2,,transcriptomics,False,3.824895689567828e-08
Ovarian,ARID1A,SERPINA4,,transcriptomics,False,4.0831455205152815e-08
Ovarian,ARID1A,PHYHIPL,,transcriptomics,False,4.3984129787371656e-08
Ovarian,ARID1A,ANAPC4,,transcriptomics,False,4.594131527489017e-08
Ovarian,ARID1A,TFF3,,transcriptomics,False,4.621356202780046e-08
Ovarian,ARID1A,PEBP4,,transcriptomics,False,4.833007558116752e-08
Ovarian,ARID1A,C1orf64,,transcriptomics,False,5.860661574781861e-08
Ovarian,ARID1A,PGR,,transcriptomics,False,6.009689057520513e-08
Ovarian,ARID1A,OR8D4,,transcriptomics,False,6.066134320231128e-08
Ovarian,ARID1A,PRR15,,transcriptomics,False,6.277799755612737e-08
Ovarian,ARID1A,FAM150B,,transcriptomics,False,6.393466747379486e-08
Ovarian,ARID1A,UBTFL1,,transcriptomics,False,6.495183369577052e-08
Ovarian,ARID1A,FGL1,,transcriptomics,False,6.645828965646139e-08
Ovarian,ARID1A,CCAT2,,transcriptomics,False,6.927218831485965e-08
Ovarian,ARID1A,SERPINA3,,transcriptomics,False,7.552142577241061e-08
Ovarian,ARID1A,ZBTB25,,transcriptomics,False,7.63906307987213e-08
Ovarian,ARID1A,DUXA,,transcriptomics,False,7.724915496263454e-08
Ovarian,ARID1A,STX18,,transcriptomics,False,7.848818536510798e-08
Ovarian,ARID1A,MICALCL,,transcriptomics,False,8.256948668172991e-08
Ovarian,ARID1A,CREB3L1,,transcriptomics,False,8.576507377058034e-08
Ovarian,ARID1A,MSS51,,transcriptomics,False,8.999093054271521e-08
Ovarian,ARID1A,CLCA1,,transcriptomics,False,9.972245373861383e-08
Ovarian,ARID1A,SPDEF,,transcriptomics,False,1.0258275643301175e-07
Ovarian,ARID1A,PLIN3,,transcriptomics,False,1.0327974625218356e-07
Ovarian,ARID1A,FBXW10,,transcriptomics,False,1.0655213296119976e-07
Ovarian,ARID1A,SCGB1D2,,transcriptomics,False,1.0739410017980704e-07
Ovarian,ARID1A,PRAMEF12,,transcriptomics,False,1.0806026790338812e-07
Ovarian,ARID1A,MMP26,,transcriptomics,False,1.1943963358730814e-07
Ovarian,ARID1A,KRT24,,transcriptomics,False,1.1959023091318184e-07
Ovarian,ARID1A,FAM149A,,transcriptomics,False,1.2293655705909277e-07
Ovarian,ARID1A,MBD3L3,,transcriptomics,False,1.2591721340699632e-07
Ovarian,ARID1A,SERPINA1,,transcriptomics,False,1.3123417820735275e-07
Ovarian,ARID1A,MBD3L5,,transcriptomics,False,1.4167213472690243e-07
Ovarian,ARID1A,MBD3L4,,transcriptomics,False,1.4475371448031188e-07
Ovarian,ARID1A,PTGS2,,transcriptomics,False,1.4806905708148885e-07
Ovarian,ARID1A,GP2,,transcriptomics,False,1.5242547244495025e-07
Ovarian,ARID1A,MBD3L2,,transcriptomics,False,1.5339355480862016e-07
Ovarian,ARID1A,SFTPB,,transcriptomics,False,1.595007554255685e-07
Ovarian,ARID1A,HAVCR1,,transcriptomics,False,1.595259181267142e-07
Ovarian,ARID1A,PRAMEF17,,transcriptomics,False,1.6887655302772223e-07
Ovarian,ARID1A,SLC6A1-AS1,,transcriptomics,False,1.6887655302772223e-07
Ovarian,ARID1A,AQP2,,transcriptomics,False,1.6887655302772276e-07
Ovarian,ARID1A,IRGC,,transcriptomics,False,1.6887655302772276e-07
Ovarian,ARID1A,OR10G7,,transcriptomics,False,1.6887655302772276e-07
Ovarian,ARID1A,OR1L6,,transcriptomics,False,1.6887655302772276e-07
Ovarian,ARID1A,OR2T34,,transcriptomics,False,1.6887655302772276e-07
Ovarian,ARID1A,OR9G4,,transcriptomics,False,1.6887655302772276e-07
Ovarian,ARID1A,SLC22A7,,transcriptomics,False,1.6887655302772276e-07
Ovarian,ARID1A,SNAR-A13,,transcriptomics,False,1.6887655302772276e-07
Ovarian,ARID1A,C10orf111,,transcriptomics,False,1.6887655302772405e-07
Ovarian,ARID1A,C18orf64,,transcriptomics,False,1.6887655302772405e-07
Ovarian,ARID1A,CREB3L4,,transcriptomics,False,1.6887655302772405e-07
Ovarian,ARID1A,DEFB106B,,transcriptomics,False,1.6887655302772405e-07
Ovarian,ARID1A,HNF1A,,transcriptomics,False,1.6887655302772405e-07
Ovarian,ARID1A,LINC00690,,transcriptomics,False,1.6887655302772405e-07
Ovarian,ARID1A,LL22NC01-81G9.3,,transcriptomics,False,1.6887655302772405e-07
Ovarian,ARID1A,MIR23B,,transcriptomics,False,1.6887655302772405e-07
Ovarian,ARID1A,MIR2682,,transcriptomics,False,1.6887655302772405e-07
Ovarian,ARID1A,MIR320A,,transcriptomics,False,1.6887655302772405e-07
Ovarian,ARID1A,MIR378D2,,transcriptomics,False,1.6887655302772405e-07
Ovarian,ARID1A,MIR4292,,transcriptomics,False,1.6887655302772405e-07
Ovarian,ARID1A,MIR4768,,transcriptomics,False,1.6887655302772405e-07
Ovarian,ARID1A,OR5M1,,transcriptomics,False,1.6887655302772405e-07
Ovarian,ARID1A,SLC7A13,,transcriptomics,False,1.6887655302772405e-07
Ovarian,ARID1A,OR2G6,,transcriptomics,False,1.6887655302772464e-07
Ovarian,ARID1A,SCGB1D4,,transcriptomics,False,1.6920628599467112e-07
Ovarian,ARID1A,TINAG,,transcriptomics,False,1.736456609918873e-07
Ovarian,ARID1A,TRIM49B,,transcriptomics,False,1.8714745501674823e-07
Ovarian,ARID1A,SCUBE2,,transcriptomics,False,1.899288928329224e-07
Ovarian,ARID1A,AMBRA1,,transcriptomics,False,1.952494102197898e-07
Ovarian,ARID1A,KLK12,,transcriptomics,False,2.0212890474702847e-07
Ovarian,ARID1A,SLC47A1,,transcriptomics,False,2.0604795800722906e-07
Ovarian,ARID1A,TRIM53AP,,transcriptomics,False,2.0824811548341085e-07
Ovarian,ARID1A,TUBB8,,transcriptomics,False,2.086661059784716e-07
Ovarian,ARID1A,TRIM48,,transcriptomics,False,2.1034251352852632e-07
Ovarian,ARID1A,SULT2B1,,transcriptomics,False,2.158555848116106e-07
Ovarian,ARID1A,TRIM51,,transcriptomics,False,2.2001485519597998e-07
Ovarian,ARID1A,TRIM64,,transcriptomics,False,2.2005330748441e-07
Ovarian,ARID1A,PRAMEF7,,transcriptomics,False,2.201341167283849e-07
Ovarian,ARID1A,LOC339593,,transcriptomics,False,2.2385614112668031e-07
Ovarian,ARID1A,TRIM64B,,transcriptomics,False,2.428481286360992e-07
Ovarian,ARID1A,SERPINA11,,transcriptomics,False,2.4492843543173354e-07
Ovarian,ARID1A,MUC7,,transcriptomics,False,2.4715472270708253e-07
Ovarian,ARID1A,MC3R,,transcriptomics,False,2.619526665692835e-07
Ovarian,ARID1A,C15orf43,,transcriptomics,False,2.667022057649134e-07
Ovarian,ARID1A,C5orf27,,transcriptomics,False,2.7815929017312106e-07
Ovarian,ARID1A,KDM4E,,transcriptomics,False,2.9032219187927994e-07
Ovarian,ARID1A,CRYL1,,transcriptomics,False,3.0270524648089406e-07
Ovarian,ARID1A,SPRR2A,,transcriptomics,False,3.0710505900264245e-07
Ovarian,ARID1A,OPN5,,transcriptomics,False,3.1487396809209827e-07
Ovarian,ARID1A,LOC649324,,transcriptomics,False,3.168328557720061e-07
Ovarian,ARID1A,LOC645354,,transcriptomics,False,3.200396879193023e-07
Ovarian,ARID1A,AGTR2,,transcriptomics,False,3.2800168160383103e-07
Ovarian,ARID1A,TMED6,,transcriptomics,False,3.326057492965314e-07
Ovarian,ARID1A,FAM83E,,transcriptomics,False,3.329018178127936e-07
Ovarian,ARID1A,TOX3,,transcriptomics,False,3.5525187730400207e-07
Ovarian,ARID1A,LOC100505811,,transcriptomics,False,3.596063329354492e-07
Ovarian,ARID1A,DLGAP1-AS3,,transcriptomics,False,3.6827532557115066e-07
Ovarian,ARID1A,MC2R,,transcriptomics,False,3.783117067732049e-07
Ovarian,ARID1A,SPRR3,,transcriptomics,False,3.955095768563853e-07
Ovarian,ARID1A,ARRDC5,,transcriptomics,False,4.022253791933887e-07
Ovarian,ARID1A,TRIM51HP,,transcriptomics,False,4.0363846747229173e-07
Ovarian,ARID1A,ADAMTS8,,transcriptomics,False,4.193722463176353e-07
Ovarian,ARID1A,GPHB5,,transcriptomics,False,4.349021633970456e-07
Ovarian,ARID1A,CPD,,transcriptomics,False,4.515197486100915e-07
Ovarian,ARID1A,LOC400553,,transcriptomics,False,4.629967872794141e-07
Ovarian,ARID1A,FAM155A,,transcriptomics,False,4.7557199603190953e-07
Ovarian,ARID1A,ENPP3,,transcriptomics,False,4.780128117887541e-07
Ovarian,ARID1A,LEUTX,,transcriptomics,False,4.841571424342022e-07
Ovarian,ARID1A,TMPRSS11D,,transcriptomics,False,4.989869343976418e-07
Ovarian,ARID1A,LOC100506085,,transcriptomics,False,5.018118446931056e-07
Ovarian,ARID1A,FAM169B,,transcriptomics,False,5.064402916409711e-07
Ovarian,ARID1A,SIAE,,transcriptomics,False,5.091984723692566e-07
Ovarian,ARID1A,EPS8L3,,transcriptomics,False,5.164757694632849e-07
Ovarian,ARID1A,G6PC2,,transcriptomics,False,5.199804494051344e-07
Ovarian,ARID1A,UTS2,,transcriptomics,False,5.480893821296639e-07
Ovarian,ARID1A,MAP2K6,,transcriptomics,False,5.668831838339008e-07
Ovarian,ARID1A,PTHLH,,transcriptomics,False,5.972126137023001e-07
Ovarian,ARID1A,PIP,,transcriptomics,False,6.160231052317259e-07
Ovarian,ARID1A,LCN15,,transcriptomics,False,6.191964909853353e-07
Ovarian,ARID1A,SULF2,,transcriptomics,False,6.320267125220736e-07
Ovarian,ARID1A,FUT6,,transcriptomics,False,6.73918534178176e-07
Ovarian,ARID1A,HSD17B2,,transcriptomics,False,7.309743338910318e-07
Ovarian,ARID1A,TPRX1,,transcriptomics,False,7.323497581759095e-07
Ovarian,ARID1A,TFAP2B,,transcriptomics,False,7.441152198473736e-07
Ovarian,ARID1A,MTRNR2L6,,transcriptomics,False,7.453821000431733e-07
Ovarian,ARID1A,F3,,transcriptomics,False,8.296979749009408e-07
Ovarian,ARID1A,TRIM43B,,transcriptomics,False,8.299754257640669e-07
Ovarian,ARID1A,PPP1R3B,,transcriptomics,False,8.330274676257399e-07
Ovarian,ARID1A,RFPL1,,transcriptomics,False,8.986442217586256e-07
Ovarian,ARID1A,GDF15,,transcriptomics,False,9.257919101820059e-07
Ovarian,ARID1A,CEACAM1,,transcriptomics,False,9.589350365081972e-07
Ovarian,ARID1A,MTUS2-AS1,,transcriptomics,False,1.0631404008384091e-06
Ovarian,ARID1A,MFSD4,,transcriptomics,False,1.078302279757093e-06
Ovarian,ARID1A,NCALD,,transcriptomics,False,1.286968522029505e-06
Ovarian,ARID1A,AVPR1A,,transcriptomics,False,1.3135878128919594e-06
Ovarian,ARID1A,MESP2,,transcriptomics,False,1.3534986832363256e-06
Ovarian,ARID1A,SLC43A1,,transcriptomics,False,1.403134849514635e-06
Ovarian,ARID1A,PZP,,transcriptomics,False,1.4221869250690906e-06
Ovarian,ARID1A,LOC100505817,,transcriptomics,False,1.4373499227722156e-06
Ovarian,ARID1A,LOC643486,,transcriptomics,False,1.4460038229738038e-06
Ovarian,ARID1A,LINC01245,,transcriptomics,False,1.5312062030954485e-06
Ovarian,ARID1A,INSM1,,transcriptomics,False,1.536218506293516e-06
Ovarian,ARID1A,LOC102724484,,transcriptomics,False,1.6484210613832437e-06
Ovarian,ARID1A,KIF13B,,transcriptomics,False,1.6505900234893725e-06
Ovarian,ARID1A,KCNH4,,transcriptomics,False,1.6663734483779102e-06
Ovarian,ARID1A,KHDC1L,,transcriptomics,False,1.6737546407604926e-06
Ovarian,ARID1A,HS3ST1,,transcriptomics,False,1.6968514041301213e-06
Ovarian,ARID1A,LINC00462,,transcriptomics,False,1.7530589483147343e-06
Ovarian,ARID1A,SEMA3G,,transcriptomics,False,2.1019983478358525e-06
Ovarian,ARID1A,ANO1,,transcriptomics,False,2.1547950528137644e-06
Endometrial,ARID1A,ARID1A,S1755,phosphoproteomics,True,7.963746963583788e-10
Endometrial,ARID1A,ARID1A,S1184,phosphoproteomics,True,4.338935585829806e-07
Endometrial,ARID1A,ARID1A,S1604,phosphoproteomics,True,1.501846369487586e-06
Endometrial,ARID1A,ARID1A,S363,phosphoproteomics,True,3.4022192493243236e-05
Endometrial,ARID1A,ARID1A,S1755,phosphoproteomics,False,7.963746963583788e-10
Endometrial,ARID1A,ARID1A,S1184,phosphoproteomics,False,4.338935585829806e-07
Ovarian,ARID1A,STMN1,S38s,phosphoproteomics,False,1.498115453647033e-07
Endometrial,ARID1A,SMARCC2,K599,acetylproteomics,True,8.624185988924877e-07
Endometrial,ARID1A,ARID1A,K980,acetylproteomics,True,0.000318738105663516
Endometrial,ARID1A,SMARCC2,K599,acetylproteomics,False,8.624185988924877e-07
Endometrial,KRAS,SPRY1,,proteomics,False,7.362178310531697e-08
Ovarian,KRAS,ZBED1,,proteomics,False,2.5112403136291056e-06
Endometrial,KRAS,DUSP4,,transcriptomics,False,3.002087081894936e-08
Endometrial,KRAS,SPRY1,,transcriptomics,False,2.500901521431167e-07
Colon,KRAS,GALNT10,,transcriptomics,False,6.801283799984729e-09
Colon,KRAS,TMCC1,,transcriptomics,False,4.5597023647978867e-08
Colon,KRAS,FAIM2,,transcriptomics,False,2.0827997463489987e-07
Colon,KRAS,TMEM211,,transcriptomics,False,4.705642454171119e-07
Colon,KRAS,TGFBI,,transcriptomics,False,6.646078288130196e-07
Colon,KRAS,LY6E,,transcriptomics,False,8.340164361343464e-07
Colon,KRAS,PHLDA1,,transcriptomics,False,1.2633079977147702e-06
Colon,KRAS,DHX58,,transcriptomics,False,1.880427472253164e-06
Ovarian,KRAS,OR1L3,,transcriptomics,False,8.293845594982572e-28
Ovarian,KRAS,FAM90A27P,,transcriptomics,False,1.1886884658238847e-23
Ovarian,KRAS,TRPM6,,transcriptomics,False,7.448552580439572e-18
Ovarian,KRAS,VPS13A,,transcriptomics,False,4.2045357529584575e-17
Ovarian,KRAS,SERPINA11,,transcriptomics,False,8.462674897917907e-17
Ovarian,KRAS,GABRP,,transcriptomics,False,9.499936990980176e-17
Ovarian,KRAS,MOGAT1,,transcriptomics,False,2.3125002977028603e-16
Ovarian,KRAS,OR5M1,,transcriptomics,False,2.313997788262105e-16
Ovarian,KRAS,PRAMEF17,,transcriptomics,False,2.313997788262105e-16
Ovarian,KRAS,VPS52,,transcriptomics,False,2.313997788262105e-16
Ovarian,KRAS,AQP2,,transcriptomics,False,2.313997788262138e-16
Ovarian,KRAS,BRD2,,transcriptomics,False,2.313997788262138e-16
Ovarian,KRAS,C18orf64,,transcriptomics,False,2.313997788262138e-16
Ovarian,KRAS,CREB3L4,,transcriptomics,False,2.313997788262138e-16
Ovarian,KRAS,DAXX,,transcriptomics,False,2.313997788262138e-16
Ovarian,KRAS,GLRA1,,transcriptomics,False,2.313997788262138e-16
Ovarian,KRAS,IQCF2,,transcriptomics,False,2.313997788262138e-16
Ovarian,KRAS,KCNK18,,transcriptomics,False,2.313997788262138e-16
Ovarian,KRAS,KRTAP9-2,,transcriptomics,False,2.313997788262138e-16
Ovarian,KRAS,KRTAP9-6,,transcriptomics,False,2.313997788262138e-16
Ovarian,KRAS,KRTAP9-7,,transcriptomics,False,2.313997788262138e-16
Ovarian,KRAS,KRTAP9-8,,transcriptomics,False,2.313997788262138e-16
Ovarian,KRAS,LOC100294145,,transcriptomics,False,2.313997788262138e-16
Ovarian,KRAS,LOC101927257,,transcriptomics,False,2.313997788262138e-16
Ovarian,KRAS,LOC101928600,,transcriptomics,False,2.313997788262138e-16
Ovarian,KRAS,OR9G4,,transcriptomics,False,2.313997788262138e-16
Ovarian,KRAS,RGL2,,transcriptomics,False,2.313997788262138e-16
Ovarian,KRAS,RPS18,,transcriptomics,False,2.313997788262138e-16
Ovarian,KRAS,SLC6A1-AS1,,transcriptomics,False,2.313997788262138e-16
Ovarian,KRAS,SNAR-A13,,transcriptomics,False,2.313997788262138e-16
Ovarian,KRAS,ST7-AS1,,transcriptomics,False,2.313997788262138e-16
Ovarian,KRAS,WDR46,,transcriptomics,False,2.313997788262138e-16
Ovarian,KRAS,SLC22A7,,transcriptomics,False,2.313997788262154e-16
Ovarian,KRAS,SNORD70,,transcriptomics,False,2.313997788262154e-16
Ovarian,KRAS,SCGB1D4,,transcriptomics,False,2.3339420014806566e-16
Ovarian,KRAS,GP2,,transcriptomics,False,2.382363722159785e-16
Ovarian,KRAS,MBD3L4,,transcriptomics,False,2.4435052326333684e-16
Ovarian,KRAS,MBD3L2,,transcriptomics,False,2.5678958595681886e-16
Ovarian,KRAS,MMP26,,transcriptomics,False,2.6060278597226365e-16
Ovarian,KRAS,MBD3L5,,transcriptomics,False,2.6315539849345485e-16
Ovarian,KRAS,MBD3L3,,transcriptomics,False,2.6889181437498485e-16
Ovarian,KRAS,TRIM49B,,transcriptomics,False,2.9952051671830066e-16
Ovarian,KRAS,TRIM53AP,,transcriptomics,False,3.174830989299241e-16
Ovarian,KRAS,TRIM48,,transcriptomics,False,3.3011285337594955e-16
Ovarian,KRAS,TRIM51,,transcriptomics,False,3.5066589841811304e-16
Ovarian,KRAS,PRAMEF7,,transcriptomics,False,3.5253053456067797e-16
Ovarian,KRAS,SERPINA4,,transcriptomics,False,3.5376299396127027e-16
Ovarian,KRAS,LOC100505782,,transcriptomics,False,3.716658958054956e-16
Ovarian,KRAS,LOC158434,,transcriptomics,False,3.730279652014859e-16
Ovarian,KRAS,TRIM64,,transcriptomics,False,3.9959144853752494e-16
Ovarian,KRAS,PRAMEF12,,transcriptomics,False,4.1412690492471674e-16
Ovarian,KRAS,LOC339593,,transcriptomics,False,4.3519977030599727e-16
Ovarian,KRAS,TFF3,,transcriptomics,False,4.663125061516032e-16
Ovarian,KRAS,TRIM64B,,transcriptomics,False,4.679925023665756e-16
Ovarian,KRAS,LINC01207,,transcriptomics,False,4.734994865836959e-16
Ovarian,KRAS,SCGB1D2,,transcriptomics,False,4.797308542920668e-16
Ovarian,KRAS,LEFTY1,,transcriptomics,False,5.793992463670862e-16
Ovarian,KRAS,C15orf43,,transcriptomics,False,6.325001821848068e-16
Ovarian,KRAS,KDM4E,,transcriptomics,False,7.378976711195736e-16
Ovarian,KRAS,TCN1,,transcriptomics,False,7.623003187839105e-16
Ovarian,KRAS,CISH,,transcriptomics,False,7.81725705659429e-16
Ovarian,KRAS,SLC46A2,,transcriptomics,False,8.137221894830379e-16
Ovarian,KRAS,FGL1,,transcriptomics,False,8.610523998509163e-16
Ovarian,KRAS,LOC649324,,transcriptomics,False,9.43495720727223e-16
Ovarian,KRAS,LOC645354,,transcriptomics,False,9.686506941967867e-16
Ovarian,KRAS,HMX2,,transcriptomics,False,9.881141127250944e-16
Ovarian,KRAS,KRTAP7-1,,transcriptomics,False,1.300011779156681e-15
Ovarian,KRAS,FUT6,,transcriptomics,False,1.4252315020838268e-15
Ovarian,KRAS,MUC7,,transcriptomics,False,1.6965458693305966e-15
Ovarian,KRAS,SLC47A1,,transcriptomics,False,1.7013521892865648e-15
Ovarian,KRAS,GUCA1C,,transcriptomics,False,1.736663756429407e-15
Ovarian,KRAS,TRIM51HP,,transcriptomics,False,1.845382949753508e-15
Ovarian,KRAS,OLFM4,,transcriptomics,False,2.3615982174096733e-15
Ovarian,KRAS,LEUTX,,transcriptomics,False,2.5850385140628638e-15
Ovarian,KRAS,LOC100506085,,transcriptomics,False,2.7019143420981998e-15
Ovarian,KRAS,MSX1,,transcriptomics,False,2.8184964859231146e-15
Ovarian,KRAS,SERPINA1,,transcriptomics,False,3.407883795749106e-15
Ovarian,KRAS,PIP,,transcriptomics,False,5.699408264271629e-15
Ovarian,KRAS,HGD,,transcriptomics,False,6.4788706248476846e-15
Ovarian,KRAS,TNFRSF18,,transcriptomics,False,7.434476273710461e-15
Ovarian,KRAS,RFPL1,,transcriptomics,False,8.794401804456741e-15
Ovarian,KRAS,LCN15,,transcriptomics,False,9.541920815705507e-15
Ovarian,KRAS,TPRX1,,transcriptomics,False,1.0152446730257329e-14
Ovarian,KRAS,RCAN1,,transcriptomics,False,1.3764881878117732e-14
Ovarian,KRAS,LOC102723769,,transcriptomics,False,1.4919308946043914e-14
Ovarian,KRAS,KLK12,,transcriptomics,False,1.7697386156430105e-14
Ovarian,KRAS,SCNN1B,,transcriptomics,False,1.8223976274599733e-14
Ovarian,KRAS,HSD17B2,,transcriptomics,False,1.867287190162708e-14
Ovarian,KRAS,TRIM43B,,transcriptomics,False,2.3529117105695045e-14
Ovarian,KRAS,UBTFL1,,transcriptomics,False,2.5849942730408053e-14
Ovarian,KRAS,SH3RF2,,transcriptomics,False,3.316504492268319e-14
Ovarian,KRAS,LINC01245,,transcriptomics,False,5.847498522360759e-14
Ovarian,KRAS,LOC102724484,,transcriptomics,False,6.012534219997793e-14
Ovarian,KRAS,RHAG,,transcriptomics,False,6.83914857495556e-14
Ovarian,KRAS,ENPP3,,transcriptomics,False,7.207028373619818e-14
Ovarian,KRAS,LRRC26,,transcriptomics,False,8.86316680034676e-14
Ovarian,KRAS,SERPINA3,,transcriptomics,False,1.0042764892030788e-13
Ovarian,KRAS,ARMS2,,transcriptomics,False,1.298130597671514e-13
Ovarian,KRAS,C10orf71,,transcriptomics,False,1.3094244038821697e-13
Ovarian,KRAS,PRAMEF20,,transcriptomics,False,1.761096919279094e-13
Ovarian,KRAS,RING1,,transcriptomics,False,2.2005936160201137e-13
Ovarian,KRAS,KHDC1L,,transcriptomics,False,2.4365209161926567e-13
Ovarian,KRAS,STX18,,transcriptomics,False,2.4996983980599744e-13
Ovarian,KRAS,HLA-DPB1,,transcriptomics,False,3.606860579244946e-13
Ovarian,KRAS,GPHB5,,transcriptomics,False,3.8565295488568015e-13
Ovarian,KRAS,PEBP4,,transcriptomics,False,4.4601174567322394e-13
Ovarian,KRAS,KRT37,,transcriptomics,False,7.475577039104984e-13
Ovarian,KRAS,CAPN6,,transcriptomics,False,9.201681364747125e-13
Ovarian,KRAS,TRIM43,,transcriptomics,False,9.788057456022584e-13
Ovarian,KRAS,REPS2,,transcriptomics,False,1.0426438038025972e-12
Ovarian,KRAS,FGF14,,transcriptomics,False,1.2376281661356963e-12
Ovarian,KRAS,SULT2B1,,transcriptomics,False,1.2945910463011874e-12
Ovarian,KRAS,DIO3,,transcriptomics,False,2.1454473175778626e-12
Ovarian,KRAS,ANAPC4,,transcriptomics,False,2.1634606299753647e-12
Ovarian,KRAS,SGCB,,transcriptomics,False,2.432528905590373e-12
Ovarian,KRAS,ADAMTS8,,transcriptomics,False,3.0589462163584783e-12
Ovarian,KRAS,DUXA,,transcriptomics,False,3.4104309284730347e-12
Ovarian,KRAS,LOC101929551,,transcriptomics,False,4.491499163026124e-12
Ovarian,KRAS,ITGA10,,transcriptomics,False,5.144058677698722e-12
Ovarian,KRAS,PGR,,transcriptomics,False,5.523588698797504e-12
Ovarian,KRAS,HMX3,,transcriptomics,False,5.951427855885559e-12
Ovarian,KRAS,CPD,,transcriptomics,False,6.351624470705675e-12
Ovarian,KRAS,C3orf27,,transcriptomics,False,7.699885712771384e-12
Ovarian,KRAS,SCGB2A1,,transcriptomics,False,1.1027610627135537e-11
Ovarian,KRAS,RUNDC3B,,transcriptomics,False,1.1501494588890322e-11
Ovarian,KRAS,RNF186,,transcriptomics,False,1.308895973033166e-11
Ovarian,KRAS,SPDEF,,transcriptomics,False,1.317483418128633e-11
Ovarian,KRAS,RXFP1,,transcriptomics,False,1.7222230369098114e-11
Ovarian,KRAS,PDZK1,,transcriptomics,False,1.9534003622832014e-11
Ovarian,KRAS,MIR5087,,transcriptomics,False,4.325482621662074e-11
Ovarian,KRAS,LCN6,,transcriptomics,False,6.173536929344353e-11
Ovarian,KRAS,CDK20,,transcriptomics,False,7.67659624848872e-11
Ovarian,KRAS,ANO1,,transcriptomics,False,8.200457159685502e-11
Ovarian,KRAS,NLRP5,,transcriptomics,False,1.0836135510582179e-10
Ovarian,KRAS,RASD1,,transcriptomics,False,1.1340320522206554e-10
Ovarian,KRAS,DAND5,,transcriptomics,False,1.2199891096585728e-10
Ovarian,KRAS,ZNF705A,,transcriptomics,False,1.8912557770682025e-10
Ovarian,KRAS,GPR78,,transcriptomics,False,1.9639505432967528e-10
Ovarian,KRAS,SNX30,,transcriptomics,False,2.3984860272513244e-10
Ovarian,KRAS,SEMA3G,,transcriptomics,False,2.420691224549266e-10
Ovarian,KRAS,DKFZP434L187,,transcriptomics,False,2.527434241980891e-10
Ovarian,KRAS,WDR64,,transcriptomics,False,3.345459486453215e-10
Ovarian,KRAS,PLIN3,,transcriptomics,False,3.944082644662472e-10
Ovarian,KRAS,RBBP7,,transcriptomics,False,4.4650152002062415e-10
Ovarian,KRAS,C1orf137,,transcriptomics,False,5.026730699067153e-10
Ovarian,KRAS,LINC00298,,transcriptomics,False,5.740429253155813e-10
Ovarian,KRAS,STEAP4,,transcriptomics,False,6.004359898183247e-10
Ovarian,KRAS,TMEM210,,transcriptomics,False,6.044168738159428e-10
Ovarian,KRAS,C9orf152,,transcriptomics,False,9.723950361813615e-10
Ovarian,KRAS,C9orf91,,transcriptomics,False,9.746671910564627e-10
Ovarian,KRAS,ANKRD20A12P,,transcriptomics,False,1.1932690596842175e-09
Ovarian,KRAS,GMCL1P1,,transcriptomics,False,1.2446375365204937e-09
Ovarian,KRAS,LINC00160,,transcriptomics,False,1.562554153969052e-09
Ovarian,KRAS,LOC101927334,,transcriptomics,False,1.852976539008611e-09
Ovarian,KRAS,TTR,,transcriptomics,False,2.010624616522042e-09
Ovarian,KRAS,PIGR,,transcriptomics,False,2.4358220143599144e-09
Ovarian,KRAS,MIR5008,,transcriptomics,False,2.5750206777952078e-09
Ovarian,KRAS,CRYL1,,transcriptomics,False,2.6210390510791874e-09
Ovarian,KRAS,CAMP,,transcriptomics,False,2.6560907212951063e-09
Ovarian,KRAS,LOC101929241,,transcriptomics,False,2.7321325617089642e-09
Ovarian,KRAS,C8B,,transcriptomics,False,4.943573161845973e-09
Ovarian,KRAS,FAM189A2,,transcriptomics,False,5.383315368733659e-09
Ovarian,KRAS,SLC43A1,,transcriptomics,False,5.633601897854342e-09
Ovarian,KRAS,SERINC2,,transcriptomics,False,5.783602635287866e-09
Ovarian,KRAS,SEC14L3,,transcriptomics,False,5.877709591132783e-09
Ovarian,KRAS,ST6GALNAC1,,transcriptomics,False,7.0315271826289296e-09
Ovarian,KRAS,HES2,,transcriptomics,False,7.210334699743604e-09
Ovarian,KRAS,CTRB2,,transcriptomics,False,8.54012233104583e-09
Ovarian,KRAS,XBP1,,transcriptomics,False,1.096453914224506e-08
Ovarian,KRAS,RFPL4B,,transcriptomics,False,1.825698867068406e-08
Ovarian,KRAS,SNORD90,,transcriptomics,False,1.9148031085601865e-08
Ovarian,KRAS,UGT8,,transcriptomics,False,2.4156918774358873e-08
Ovarian,KRAS,SLC17A8,,transcriptomics,False,2.4198168783862448e-08
Ovarian,KRAS,SERPINA5,,transcriptomics,False,2.624761764565747e-08
Ovarian,KRAS,DLGAP1-AS5,,transcriptomics,False,2.9194515270796842e-08
Ovarian,KRAS,CHST3,,transcriptomics,False,3.0235580909265065e-08
Ovarian,KRAS,PLD5,,transcriptomics,False,4.145551824728186e-08
Ovarian,KRAS,FAM83A-AS1,,transcriptomics,False,4.4878913226921036e-08
Ovarian,KRAS,SPINK4,,transcriptomics,False,4.703680604954876e-08
Ovarian,KRAS,HMGCR,,transcriptomics,False,4.709296462113875e-08
Ovarian,KRAS,PRAMEF4,,transcriptomics,False,4.864186394767973e-08
Ovarian,KRAS,MAST4,,transcriptomics,False,5.190129035026488e-08
Ovarian,KRAS,CREB3L1,,transcriptomics,False,5.566461112991114e-08
Ovarian,KRAS,TMEM236,,transcriptomics,False,5.6789621869236377e-08
Ovarian,KRAS,TMED6,,transcriptomics,False,5.727745121394515e-08
Ovarian,KRAS,ATOH8,,transcriptomics,False,6.077012592349434e-08
Ovarian,KRAS,TRIM64C,,transcriptomics,False,6.155418682872695e-08
Ovarian,KRAS,MEI4,,transcriptomics,False,7.135180532258285e-08
Ovarian,KRAS,SORD,,transcriptomics,False,7.295528304574371e-08
Ovarian,KRAS,PAPSS1,,transcriptomics,False,7.697713476220213e-08
Ovarian,KRAS,NKX2-2,,transcriptomics,False,7.903834348665604e-08
Ovarian,KRAS,SLC45A2,,transcriptomics,False,8.718237319847362e-08
Ovarian,KRAS,TSHZ1,,transcriptomics,False,9.198366629543484e-08
Ovarian,KRAS,MEGF9,,transcriptomics,False,9.569257689375867e-08
Ovarian,KRAS,C5orf66-AS2,,transcriptomics,False,9.915824954981292e-08
Ovarian,KRAS,CDC42SE2,,transcriptomics,False,1.0417514004077011e-07
Ovarian,KRAS,GJD3,,transcriptomics,False,1.1061739526088602e-07
Ovarian,KRAS,LY86-AS1,,transcriptomics,False,1.2503839915214676e-07
Ovarian,KRAS,RXRB,,transcriptomics,False,1.3353933125260285e-07
Ovarian,KRAS,KBTBD11,,transcriptomics,False,1.3751369497658401e-07
Ovarian,KRAS,LCE1E,,transcriptomics,False,1.3840280187593826e-07
Ovarian,KRAS,IL13,,transcriptomics,False,1.5913392389805552e-07
Ovarian,KRAS,LINC00400,,transcriptomics,False,1.8394248292555337e-07
Ovarian,KRAS,KMO,,transcriptomics,False,2.1004460948925887e-07
Ovarian,KRAS,LINC00645,,transcriptomics,False,2.2155623341671567e-07
Ovarian,KRAS,ENTPD3,,transcriptomics,False,2.309735091370141e-07
Ovarian,KRAS,GCNT4,,transcriptomics,False,2.3259118881074409e-07
Ovarian,KRAS,USP43,,transcriptomics,False,2.608238665187151e-07
Ovarian,KRAS,DIO3OS,,transcriptomics,False,3.0592415932027827e-07
Ovarian,KRAS,C5AR2,,transcriptomics,False,3.21412753890626e-07
Ovarian,KRAS,KRT2,,transcriptomics,False,3.436929445359347e-07
Ovarian,KRAS,IL2,,transcriptomics,False,3.5894750595790953e-07
Ovarian,KRAS,VAX1,,transcriptomics,False,3.605150575167787e-07
Ovarian,KRAS,TLX1,,transcriptomics,False,3.685198499272477e-07
Ovarian,KRAS,PGAP2,,transcriptomics,False,3.985873454198021e-07
Ovarian,KRAS,LOC101927446,,transcriptomics,False,4.6571970043434715e-07
Ovarian,KRAS,PTCHD4,,transcriptomics,False,4.814934285384005e-07
Ovarian,KRAS,GCNT3,,transcriptomics,False,5.19039927363311e-07
Ovarian,KRAS,SLC5A9,,transcriptomics,False,5.308594267556535e-07
Ovarian,KRAS,LOC646938,,transcriptomics,False,5.491268262959604e-07
Ovarian,KRAS,CTRB1,,transcriptomics,False,5.514971737602964e-07
Ovarian,KRAS,SNORD115-46,,transcriptomics,False,5.8890799245333e-07
Ovarian,KRAS,DUOXA1,,transcriptomics,False,6.054335682086528e-07
Ovarian,KRAS,ITGA6,,transcriptomics,False,6.228505286497309e-07
Ovarian,KRAS,UHRF1,,transcriptomics,False,6.659444776458633e-07
Ovarian,KRAS,TMEM144,,transcriptomics,False,6.823604036743098e-07
Ovarian,KRAS,PSMB8,,transcriptomics,False,7.713736529082981e-07
Ovarian,KRAS,MYO3A,,transcriptomics,False,7.901196898966302e-07
Ovarian,KRAS,CYP2C9,,transcriptomics,False,8.527977098284777e-07
Ovarian,KRAS,KCNK6,,transcriptomics,False,9.19317520720636e-07
Ovarian,KRAS,DQX1,,transcriptomics,False,1.0092863258174542e-06
Ovarian,KRAS,SCGB3A1,,transcriptomics,False,1.050846616302113e-06
Ovarian,KRAS,ARSA,,transcriptomics,False,1.0519253986132187e-06
Ovarian,KRAS,RANBP17,,transcriptomics,False,1.0543933090252407e-06
Ovarian,KRAS,SLC15A2,,transcriptomics,False,1.1636585240827914e-06
Ovarian,KRAS,LOC101928766,,transcriptomics,False,1.1641309952767959e-06
Ovarian,KRAS,ARHGAP26,,transcriptomics,False,1.2482850652792328e-06
Ovarian,KRAS,TRHR,,transcriptomics,False,1.2796851266118462e-06
Ovarian,KRAS,DEGS2,,transcriptomics,False,1.3528182841608414e-06
Ovarian,KRAS,METTL21EP,,transcriptomics,False,1.509688886621849e-06
Ovarian,KRAS,IHH,,transcriptomics,False,1.5842929680832304e-06
Ovarian,KRAS,LRP5L,,transcriptomics,False,1.8444687720472285e-06
Ovarian,KRAS,MTNR1B,,transcriptomics,False,1.8735427407793323e-06
Ovarian,KRAS,MCM5,,transcriptomics,False,2.096628465566652e-06
Endometrial,KRAS,RAF1,T330,phosphoproteomics,True,8.432130253965029e-06
Endometrial,KRAS,ARAF,S260,phosphoproteomics,True,2.1417383722421227e-05
Endometrial,KRAS,DTNBP1,S297,phosphoproteomics,False,1.2394890112738496e-09
Endometrial,KRAS,IGF2R,S2479,phosphoproteomics,False,3.5483712206230038e-09
Endometrial,KRAS,DTNBP1,S300,phosphoproteomics,False,6.909003604080678e-09
Endometrial,KRAS,TPR,S1662,phosphoproteomics,False,1.3833047824001804e-08
Endometrial,KRAS,PLEKHS1,S185,phosphoproteomics,False,2.395488512391708e-08
Endometrial,KRAS,LRRFIP1,S300,phosphoproteomics,False,3.7958557952676865e-08
Endometrial,KRAS,KRT8,Y38,phosphoproteomics,False,1.3621503422854664e-07
Endometrial,KRAS,KRT8,S63,phosphoproteomics,False,3.383254618261786e-07
Endometrial,KRAS,PLEC,S4408,phosphoproteomics,False,3.4498814493058466e-07
Endometrial,KRAS,MACF1,S1377,phosphoproteomics,False,3.491277973933771e-07
Endometrial,KRAS,HDGF,S130,phosphoproteomics,False,3.878631679420229e-07
Endometrial,KRAS,PRKAA1,S521,phosphoproteomics,False,4.4228076021777923e-07
Endometrial,KRAS,ARHGEF18,S1160,phosphoproteomics,False,5.7615352160774e-07
Endometrial,KRAS,IVNS1ABP,S269,phosphoproteomics,False,6.137178618697825e-07
Endometrial,KRAS,TNRC6B,S803,phosphoproteomics,False,6.748903169680951e-07
Endometrial,FSIP2,ZMIZ1,,proteomics,True,0.0003252522036324897
Endometrial,FSIP2,CMAS,,proteomics,False,2.3552039301219397e-06
Endometrial,FSIP2,VPS8,,proteomics,False,3.7213657089512915e-06
Colon,FSIP2,PRDX5,,proteomics,False,5.698865245327015e-06
Endometrial,FSIP2,ROPN1,,transcriptomics,True,0.0012779864025009113
Colon,FSIP2,METAP1D,,transcriptomics,True,0.0003018147692516159
Endometrial,FSIP2,LTBP4,,transcriptomics,False,1.2454438104212878e-06
Colon,FSIP2,NR1I2,,transcriptomics,False,1.0036267555644988e-08
Colon,FSIP2,CXCL14,,transcriptomics,False,1.0837633471451504e-08
Colon,FSIP2,A1CF,,transcriptomics,False,1.2285447244358956e-08
Colon,FSIP2,MOGAT3,,transcriptomics,False,3.569567885192454e-08
Colon,FSIP2,PLA2R1,,transcriptomics,False,4.227185819382044e-08
Colon,FSIP2,CYP2B6,,transcriptomics,False,7.609309019600867e-08
Colon,FSIP2,SLC39A5,,transcriptomics,False,8.356187088484468e-08
Colon,FSIP2,PRAP1,,transcriptomics,False,9.341431990297145e-08
Colon,FSIP2,TCF7,,transcriptomics,False,1.597422605860786e-07
Colon,FSIP2,SGK2,,transcriptomics,False,1.6478366233743473e-07
Colon,FSIP2,JADE1,,transcriptomics,False,2.013728029165072e-07
Colon,FSIP2,TYMS,,transcriptomics,False,2.0790743944734755e-07
Colon,FSIP2,SLC3A1,,transcriptomics,False,3.3977949691435906e-07
Colon,FSIP2,LY6G6D,,transcriptomics,False,3.8610558856494063e-07
Colon,FSIP2,PLA2G4F,,transcriptomics,False,4.6784497860860216e-07
Colon,FSIP2,LINC01560,,transcriptomics,False,4.918297445740786e-07
Colon,FSIP2,DUSP4,,transcriptomics,False,6.523569955576906e-07
Colon,FSIP2,CTTNBP2,,transcriptomics,False,6.909268661937242e-07
Colon,FSIP2,PPP1R14D,,transcriptomics,False,7.413238488414163e-07
Colon,FSIP2,NASP,,transcriptomics,False,8.309954120285279e-07
Colon,FSIP2,RUBCNL,,transcriptomics,False,9.578889614921734e-07
Colon,FSIP2,ACE2,,transcriptomics,False,1.894978857711049e-06
Colon,FSIP2,RTTN,,transcriptomics,False,2.1014764974060328e-06
Colon,FSIP2,SSUH2,,transcriptomics,False,2.117384562362458e-06
Colon,FSIP2,TNNC2,,transcriptomics,False,2.2939590562429715e-06
Colon,FSIP2,LINC00526,,transcriptomics,False,2.3592677197436254e-06
Colon,FSIP2,IYD,,transcriptomics,False,2.9309603011058485e-06
Colon,FSIP2,MAPK12,,transcriptomics,False,2.9471362231193227e-06
Colon,FSIP2,ADNP2,,transcriptomics,False,3.279001355052341e-06
Colon,FSIP2,RBFA,,transcriptomics,False,3.4620605420168594e-06
Colon,FSIP2,PHOSPHO2,,transcriptomics,False,3.499229505921591e-06
Colon,FSIP2,TINAG,,transcriptomics,False,3.6992202183640962e-06
Ovarian,FSIP2,RASD1,,transcriptomics,False,2.81109056653911e-07
Ovarian,FSIP2,C5orf27,,transcriptomics,False,8.568228349313718e-07
Ovarian,FSIP2,MTNR1B,,transcriptomics,False,1.9288251312801763e-06
Endometrial,FSIP2,LMNA,K270,acetylproteomics,False,1.482695394943941e-06
Endometrial,FSIP2,LMNA,K208,acetylproteomics,False,2.169349969107321e-06
Endometrial,FSIP2,HARS2,K58,acetylproteomics,False,2.935022926554645e-06
Endometrial,FSIP2,ALB,K183,acetylproteomics,False,3.5674508043231558e-06
Colon,MUC16,MCM2,,proteomics,True,0.0006213694633246927
Endometrial,MUC16,ZNF362,,proteomics,False,3.2261848543011452e-06
Colon,MUC16,HSPA4L,,proteomics,False,1.7271726734026856e-06
Colon,MUC16,CEACAM5,,proteomics,False,2.8233227351258176e-06
Colon,MUC16,SMCHD1,,proteomics,False,3.6420119865499375e-06
Colon,MUC16,TRMT2A,,proteomics,False,5.525206977644088e-06
Endometrial,MUC16,MUC20,,transcriptomics,True,0.0010273942732850878
Colon,MUC16,MUC20,,transcriptomics,True,0.0003071679927880333
Endometrial,MUC16,ERP27,,transcriptomics,False,7.38415960085621e-08
Endometrial,MUC16,NUP188,,transcriptomics,False,7.327036788112388e-07
Endometrial,MUC16,SFXN1,,transcriptomics,False,1.40970300101605e-06
Endometrial,MUC16,HIST1H3H,,transcriptomics,False,1.4333668093610104e-06
Colon,MUC16,ZNF345,,transcriptomics,False,3.472128089331899e-08
Colon,MUC16,LY6G6D,,transcriptomics,False,4.088974890872482e-08
Colon,MUC16,TYMS,,transcriptomics,False,1.043829746803215e-07
Colon,MUC16,SPATA25,,transcriptomics,False,3.899707223725388e-07
Colon,MUC16,TNNC2,,transcriptomics,False,3.989027861002214e-07
Colon,MUC16,PXMP4,,transcriptomics,False,1.1376320355612137e-06
Colon,MUC16,LINC01560,,transcriptomics,False,2.074686754773527e-06
Endometrial,MUC16,HARS2,K58,acetylproteomics,False,2.935022926554645e-06
Colon,MUC17,CAPN13,,transcriptomics,False,3.900875119065982e-08
Colon,MUC17,PAIP2B,,transcriptomics,False,1.150385351087403e-06
Endometrial,MUC4,NF1,,proteomics,False,5.948002744642168e-07
Endometrial,MUC4,TAF9,,proteomics,False,1.1573776599495585e-06
Endometrial,MUC4,WDR4,,proteomics,False,3.416198460985637e-06
Colon,MUC4,RPL22L1,,proteomics,False,6.41396845738791e-07
Endometrial,MUC4,MIR4640,,transcriptomics,False,8.929467769776578e-08
Endometrial,MUC4,SNORD32A,,transcriptomics,False,1.802401793952096e-07
Endometrial,MUC4,CDRT8,,transcriptomics,False,4.033316775108297e-07
Endometrial,MUC4,OR5B17,,transcriptomics,False,1.0320022525002993e-06
Colon,MUC4,SUPT4H1,,transcriptomics,False,1.4653048181240182e-06
Ovarian,MUC4,LMBR1L,,transcriptomics,False,1.031719719657122e-06
Endometrial,MUC4,PJA1,S365,phosphoproteomics,False,2.849520383038077e-07
Colon,MUC5B,PCK2,,proteomics,True,1.136849691525057e-05
Colon,MUC5B,MRE11,,proteomics,False,1.1440449483084914e-10
Colon,MUC5B,GPX2,,proteomics,False,5.988005559593096e-10
Colon,MUC5B,ANP32E,,proteomics,False,3.0425034522074407e-09
Colon,MUC5B,KRT20,,proteomics,False,3.969811020780834e-09
Colon,MUC5B,RAD50,,proteomics,False,9.817990596718724e-09
Colon,MUC5B,PRDX5,,proteomics,False,5.077904736144945e-08
Colon,MUC5B,ARHGEF2,,proteomics,False,7.919124398704847e-08
Colon,MUC5B,NFKB2,,proteomics,False,1.471186531492605e-07
Colon,MUC5B,MRPS31,,proteomics,False,3.7905788168608435e-07
Colon,MUC5B,PCSK9,,proteomics,False,4.4055334059876357e-07
Colon,MUC5B,HNF4A,,proteomics,False,6.761123017630671e-07
Colon,MUC5B,VTN,,proteomics,False,8.848483689333622e-07
Colon,MUC5B,MYO15B,,proteomics,False,9.027893900759451e-07
Colon,MUC5B,NUBPL,,proteomics,False,9.960364949810273e-07
Colon,MUC5B,FUNDC1,,proteomics,False,1.0255020782879187e-06
Colon,MUC5B,ACSL5,,proteomics,False,1.2892723275297748e-06
Colon,MUC5B,ACE2,,proteomics,False,1.3326483127022855e-06
Colon,MUC5B,GALNT1,,proteomics,False,1.374054654757472e-06
Colon,MUC5B,A1CF,,proteomics,False,1.5035801712564285e-06
Colon,MUC5B,TFCP2L1,,proteomics,False,1.6669012594414214e-06
Colon,MUC5B,SLC16A3,,proteomics,False,2.2628953073637697e-06
Colon,MUC5B,PLA2G4A,,proteomics,False,2.3202621591484558e-06
Colon,MUC5B,AIFM1,,proteomics,False,2.482703304097596e-06
Colon,MUC5B,GYS1,,proteomics,False,2.763099870498429e-06
Colon,MUC5B,ENGASE,,proteomics,False,2.7944021201432828e-06
Colon,MUC5B,PKM,,proteomics,False,3.0854043080840037e-06
Colon,MUC5B,SMCHD1,,proteomics,False,3.1795211625452174e-06
Colon,MUC5B,ARHGEF1,,proteomics,False,3.8029872076334715e-06
Colon,MUC5B,C8A,,proteomics,False,4.0313193275127575e-06
Colon,MUC5B,ALDH2,,proteomics,False,4.510004206853913e-06
Colon,MUC5B,F9,,proteomics,False,4.895849979581375e-06
Colon,MUC5B,VAPB,,proteomics,False,4.916238748266623e-06
Colon,MUC5B,SSFA2,,proteomics,False,4.9891026898749115e-06
Colon,MUC5B,MMS19,,proteomics,False,5.148296360139335e-06
Colon,MUC5B,CFHR5,,proteomics,False,5.171753742055454e-06
Colon,MUC5B,C7,,proteomics,False,5.632117917511945e-06
Colon,MUC5B,RIDA,,proteomics,False,6.1711263970295615e-06
Colon,MUC5B,MUC20,,transcriptomics,True,4.319530374709825e-06
Colon,MUC5B,FRMD1,,transcriptomics,True,1.3401570484794176e-05
Colon,MUC5B,ST6GAL1,,transcriptomics,True,6.72547053425791e-05
Colon,MUC5B,MUC12,,transcriptomics,True,0.00011081665689741863
Colon,MUC5B,ST6GALNAC2,,transcriptomics,True,0.0006152778572175004
Endometrial,MUC5B,FAM86HP,,transcriptomics,False,1.094390407023974e-06
Colon,MUC5B,GPX2,,transcriptomics,False,1.7580012529248374e-10
Colon,MUC5B,POU5F1B,,transcriptomics,False,4.688793872366433e-10
Colon,MUC5B,RUBCNL,,transcriptomics,False,1.5416039954496951e-09
Colon,MUC5B,ATP10B,,transcriptomics,False,3.068561943953891e-09
Colon,MUC5B,NUBPL,,transcriptomics,False,3.884908306489183e-09
Colon,MUC5B,CEACAM5,,transcriptomics,False,6.870982213060319e-09
Colon,MUC5B,CEACAM6,,transcriptomics,False,9.942373049174669e-09
Colon,MUC5B,ADNP2,,transcriptomics,False,1.1557368109698964e-08
Colon,MUC5B,DLGAP1-AS2,,transcriptomics,False,1.2213127950729656e-08
Colon,MUC5B,TOR1AIP2,,transcriptomics,False,1.2755995630817144e-08
Colon,MUC5B,GRM8,,transcriptomics,False,1.85140890962541e-08
Colon,MUC5B,LY6G6D,,transcriptomics,False,2.788723008339303e-08
Colon,MUC5B,CCSAP,,transcriptomics,False,3.18064255289893e-08
Colon,MUC5B,EPDR1,,transcriptomics,False,3.8080451895609985e-08
Colon,MUC5B,ACE2,,transcriptomics,False,4.3768836072086356e-08
Colon,MUC5B,NR1I2,,transcriptomics,False,4.771505878240704e-08
Colon,MUC5B,MAPK12,,transcriptomics,False,5.517810110705661e-08
Colon,MUC5B,CASC21,,transcriptomics,False,5.951665732284207e-08
Colon,MUC5B,LINC00513,,transcriptomics,False,9.176024133863556e-08
Colon,MUC5B,GPR143,,transcriptomics,False,1.0718997596229199e-07
Colon,MUC5B,PIAS2,,transcriptomics,False,1.2641595993332514e-07
Colon,MUC5B,LINC01560,,transcriptomics,False,1.5141424097993634e-07
Colon,MUC5B,THUMPD3-AS1,,transcriptomics,False,1.6895763975022294e-07
Colon,MUC5B,SLC25A13,,transcriptomics,False,1.8645438168466032e-07
Colon,MUC5B,CXXC1,,transcriptomics,False,2.0884440649017546e-07
Colon,MUC5B,TNNC2,,transcriptomics,False,2.443947242577787e-07
Colon,MUC5B,TDGF1,,transcriptomics,False,2.727110851988661e-07
Colon,MUC5B,CFTR,,transcriptomics,False,2.870299634566229e-07
Colon,MUC5B,CTTNBP2,,transcriptomics,False,3.0821511836283754e-07
Colon,MUC5B,TSPAN6,,transcriptomics,False,3.7189900462957e-07
Colon,MUC5B,NUDT7,,transcriptomics,False,3.823712453104925e-07
Colon,MUC5B,PLA2G4A,,transcriptomics,False,3.92363616701632e-07
Colon,MUC5B,LPCAT1,,transcriptomics,False,4.499565096671483e-07
Colon,MUC5B,ANP32E,,transcriptomics,False,5.041032576804993e-07
Colon,MUC5B,NOX1,,transcriptomics,False,5.888151223219221e-07
Colon,MUC5B,SHROOM4,,transcriptomics,False,6.828909044069757e-07
Colon,MUC5B,CCAT1,,transcriptomics,False,7.921608973153444e-07
Colon,MUC5B,RPS6KA6,,transcriptomics,False,8.108066957045861e-07
Colon,MUC5B,GJB1,,transcriptomics,False,9.587176397236441e-07
Colon,MUC5B,SMAP1,,transcriptomics,False,1.0435191544628932e-06
Colon,MUC5B,ILDR1,,transcriptomics,False,1.0496663692547966e-06
Colon,MUC5B,KDSR,,transcriptomics,False,1.1479083677936695e-06
Colon,MUC5B,SKA1,,transcriptomics,False,1.1693775535642215e-06
Colon,MUC5B,KRT20,,transcriptomics,False,1.1729836290091141e-06
Colon,MUC5B,SLC19A3,,transcriptomics,False,1.1903203146329082e-06
Colon,MUC5B,CDHR1,,transcriptomics,False,1.1965883679522437e-06
Colon,MUC5B,ARHGAP10,,transcriptomics,False,1.2116462240052477e-06
Colon,MUC5B,MRE11,,transcriptomics,False,1.4034036064239948e-06
Colon,MUC5B,PIGX,,transcriptomics,False,1.4183771383950158e-06
Colon,MUC5B,MBP,,transcriptomics,False,1.5460440075794942e-06
Colon,MUC5B,MYZAP,,transcriptomics,False,1.5610007590636292e-06
Colon,MUC5B,PRAP1,,transcriptomics,False,1.6929210449708544e-06
Colon,MUC5B,SEMA5A,,transcriptomics,False,1.824960705909177e-06
Colon,MUC5B,THRAP3,,transcriptomics,False,2.186982865576402e-06
Colon,MUC5B,MLH1,,transcriptomics,False,2.2701860096861978e-06
Colon,MUC5B,DDX27,,transcriptomics,False,2.290636696987815e-06
Colon,MUC5B,LMNA,,transcriptomics,False,2.326657700308713e-06
Colon,MUC5B,SLC3A1,,transcriptomics,False,2.4219825077984984e-06
Colon,MUC5B,LIN54,,transcriptomics,False,2.5535190588254053e-06
Colon,MUC5B,IER5,,transcriptomics,False,2.572737057393716e-06
Colon,MUC5B,RAC3,,transcriptomics,False,2.7027997388248867e-06
Colon,MUC5B,KIF14,,transcriptomics,False,2.7278882345686662e-06
Colon,MUC5B,GUCY2C,,transcriptomics,False,2.7361747382285776e-06
Colon,MUC5B,SOCS6,,transcriptomics,False,2.843641252259828e-06
Colon,MUC5B,VAPB,,transcriptomics,False,2.907669156628108e-06
Colon,MUC5B,QPRT,,transcriptomics,False,2.953794706464293e-06
Colon,MUC5B,ATP9A,,transcriptomics,False,2.977993997001845e-06
Colon,MUC5B,CRAT8,,transcriptomics,False,3.1962942501119264e-06
Colon,MUC5B,TYMS,,transcriptomics,False,3.330010000106585e-06
Colon,MUC5B,CXorf23,,transcriptomics,False,3.369104426876457e-06
Colon,MUC5B,SPATA25,,transcriptomics,False,3.383984638016392e-06
Colon,MUC5B,POFUT1,,transcriptomics,False,3.5060518273315973e-06
Colon,MUC5B,AAR2,,transcriptomics,False,3.5220567427887085e-06
Colon,MUC5B,ZNF737,,transcriptomics,False,3.5353917124506136e-06
Colon,MUC5B,LINC01006,,transcriptomics,False,3.6070702497198058e-06
Colon,MUC5B,RNF43,,transcriptomics,False,3.665086212309125e-06
Colon,MUC5B,GSPT2,,transcriptomics,False,3.699969862662475e-06
Colon,MUC5B,MYO15B,S1025,phosphoproteomics,False,3.506873797912748e-08
Colon,MUC5B,FOXK2,S428,phosphoproteomics,False,1.55314315342509e-07
Colon,MUC5B,HUWE1,S1395,phosphoproteomics,False,2.311105059371301e-07
Colon,MUC5B,SETD1B,S211,phosphoproteomics,False,3.4214124098615717e-07
Colon,MUC5B,SATB2,S39,phosphoproteomics,False,6.640061883541092e-07
Colon,MUC5B,PKM,S37,phosphoproteomics,False,7.506440228426997e-07
Colon,MUC5B,C5AR1,S327,phosphoproteomics,False,1.0433133831600392e-06
Colon,MUC5B,BCL9,S917,phosphoproteomics,False,1.087465212425961e-06
Colon,MUC5B,HNF4A,S167,phosphoproteomics,False,1.2332246964520002e-06
Colon,MUC5B,TGFBR2,S553,phosphoproteomics,False,1.2705635652142365e-06
Colon,MUC5B,CEP68,S478,phosphoproteomics,False,1.4749400605991434e-06
Colon,PIK3CA,RAPGEF4,,transcriptomics,False,2.784629564627313e-07
Colon,PIK3CA,RGS5,,transcriptomics,False,2.904311413747521e-07
Colon,PIK3CA,SERPINB6,,transcriptomics,False,1.4867808108660975e-06
Colon,PIK3CA,CYB5D1,,transcriptomics,False,1.8067161875365485e-06
Ovarian,PIK3CA,LINC00837,,transcriptomics,False,3.5577347746881613e-12
Ovarian,PIK3CA,LOC101927334,,transcriptomics,False,5.26885994194597e-11
Ovarian,PIK3CA,LOC100506406,,transcriptomics,False,6.70928837636164e-11
Ovarian,PIK3CA,LRRC26,,transcriptomics,False,1.3899622220957866e-08
Ovarian,PIK3CA,KCNK16,,transcriptomics,False,5.616948190903343e-08
Ovarian,PIK3CA,FAM90A27P,,transcriptomics,False,6.579700593472392e-08
Ovarian,PIK3CA,SPINK1,,transcriptomics,False,7.589601515822065e-08
Ovarian,PIK3CA,SLC17A1,,transcriptomics,False,8.172462849736851e-08
Ovarian,PIK3CA,TRIM43B,,transcriptomics,False,2.5424173220508316e-07
Ovarian,PIK3CA,GUCA1C,,transcriptomics,False,2.782430566071445e-07
Ovarian,PIK3CA,TRIM43,,transcriptomics,False,2.9792879147602985e-07
Ovarian,PIK3CA,SEC1P,,transcriptomics,False,3.509076151446012e-07
Ovarian,PIK3CA,KLK12,,transcriptomics,False,5.269243826324554e-07
Ovarian,PIK3CA,THSD7A,,transcriptomics,False,8.352956130177423e-07
Ovarian,PIK3CA,C15orf43,,transcriptomics,False,1.3020320041932466e-06
Ovarian,PIK3CA,VPS13A,,transcriptomics,False,1.4637173179942124e-06
Ovarian,PIK3CA,GLIS3-AS1,,transcriptomics,False,1.7878452847512814e-06
Ovarian,PIK3CA,WDR16,,transcriptomics,False,1.9916231603061743e-06
Colon,PIK3CA,ERCC5,S563,phosphoproteomics,False,5.428537257636405e-08
Endometrial,WDFY4,HERC2,,proteomics,True,0.00182567299434846
Colon,WDFY4,MAP1LC3A,,transcriptomics,True,0.0001962418761045424
Colon,WDFY4,IBTK,,transcriptomics,True,0.0006463247210395387
Endometrial,WDFY4,MBD3L3,,transcriptomics,False,2.2448694691233922e-07
Endometrial,WDFY4,GHRHR,,transcriptomics,False,9.109165470258641e-07
Colon,WDFY4,VIL1,,transcriptomics,False,8.701471320035612e-08
Colon,WDFY4,DUSP16,,transcriptomics,False,1.0535269905478228e-07
Colon,WDFY4,SLC39A5,,transcriptomics,False,2.464848662126049e-07
Colon,WDFY4,NR1I2,,transcriptomics,False,3.3368881183264296e-07
Colon,WDFY4,CDK20,,transcriptomics,False,3.676987120272783e-07
Colon,WDFY4,PRSS8,,transcriptomics,False,4.3355627447061956e-07
Colon,WDFY4,STYX,,transcriptomics,False,4.768290479371257e-07
Colon,WDFY4,DPEP1,,transcriptomics,False,5.349111103076971e-07
Colon,WDFY4,CHML,,transcriptomics,False,6.460696646106026e-07
Colon,WDFY4,ANTXR2,,transcriptomics,False,8.853762873077746e-07
Colon,WDFY4,ZXDA,,transcriptomics,False,1.074115466971359e-06
Colon,WDFY4,MOGAT3,,transcriptomics,False,1.1429251100280727e-06
Colon,WDFY4,PPP1R14D,,transcriptomics,False,1.2792118568668279e-06
Colon,WDFY4,HS3ST1,,transcriptomics,False,1.3493873567550005e-06
Colon,WDFY4,LINC01006,,transcriptomics,False,1.5545278141171938e-06
Colon,WDFY4,CDHR1,,transcriptomics,False,1.5759424286206786e-06
Colon,WDFY4,IHH,,transcriptomics,False,1.74324475036932e-06
Colon,WDFY4,FLJ20021,,transcriptomics,False,1.8893960317357681e-06
Colon,WDFY4,GLOD5,,transcriptomics,False,2.381288656526462e-06
Colon,WDFY4,MEP1A,,transcriptomics,False,2.4299419548841027e-06
Colon,WDFY4,AXIN2,,transcriptomics,False,3.0665529829527044e-06
Colon,WDFY4,AMACR,,transcriptomics,False,3.435851567286195e-06
Colon,WDFY4,LOC102723354,,transcriptomics,False,3.567231586034992e-06
Colon,WDFY4,SLC3A1,,transcriptomics,False,3.578921154560395e-06
Colon,WDFY4,PMFBP1,,transcriptomics,False,3.671908616913137e-06
Ovarian,WDFY4,SNORA55,,transcriptomics,False,7.257617444192527e-09
Ovarian,WDFY4,LOC101927406,,transcriptomics,False,1.1023168539207077e-06
Ovarian,WDFY4,TRPC3,,transcriptomics,False,2.0920950685810622e-06
Endometrial,WDFY4,LMNB1,K241,acetylproteomics,False,1.0681446373677595e-06
Endometrial,WDFY4,KRT8,K500,acetylproteomics,False,3.974558466526227e-06
